developer_name,provider_company,service_name,receiving_company,stakeholder
Alice Johnson,Tech Solutions Inc.,Cloud Hosting,FinCorp Ltd.,John Doe
Bob Smith,Web Services LLC,Website Development,RetailCo,Jane Adams
Charlie Davis,AI Innovators,AI Consulting,HealthPlus,Michael Brown
Diana Evans,DataSecure Ltd.,Cybersecurity Audit,BankTrust,Sarah Green
Ethan Wright,CloudNet,Data Storage,EduTech,Chris White
Fiona Harris,CodeCrafters,Software Development,MediCare,David Black
George Martin,IT Wizards,IT Support,LegalEase,Emily Johnson
Hannah Lee,Network Gurus,Network Management,AutoCorp,Robert Wilson
Ian Turner,SoftTech,ERP Implementation,RetailCo,Linda Scott
Julia Roberts,FinTech Pros,Financial Analytics,BankTrust,James Hall
Kevin Anderson,AI Innovators,Machine Learning,EduTech,Barbara Adams
Laura Martinez,DataSecure Ltd.,Penetration Testing,MediCare,Daniel Young
Michael Thomas,Web Services LLC,SEO Optimization,AutoCorp,Patricia Allen
Nancy Wilson,IT Wizards,IT Training,HealthPlus,Mark King
Oscar Nelson,SoftTech,CRM Development,RetailCo,Susan Baker
Paula Carter,Tech Solutions Inc.,DevOps Consulting,FinCorp Ltd.,Richard Moore
Quentin Baker,Network Gurus,Cloud Security,BankTrust,Jessica Evans
Rachel Green,CodeCrafters,Mobile App Development,AutoCorp,Thomas Harris
Steve Walker,CloudNet,Database Management,MediCare,Karen Parker
Tina Adams,FinTech Pros,Blockchain Solutions,HealthPlus,Brian Cooper
